-- ============================================================
-- Migration 002: Seed data (from production dump 2026-05-11)
-- ============================================================

SET NAMES utf8mb4;
SET FOREIGN_KEY_CHECKS = 0;

-- car_brands
INSERT INTO `car_brands` (`id`, `name`, `slug`) VALUES
(1, 'ВАЗ', 'lada'),
(2, 'УАЗ', 'uaz'),
(3, 'BMW', 'bmw'),
(4, 'Mercedes', 'mercedes'),
(5, 'Ford', 'ford'),
(6, 'KIA', 'kia'),
(7, 'Toyota', 'toyota'),
(8, 'Hyundai', 'hyundai');

ALTER TABLE `car_brands` AUTO_INCREMENT = 9;

-- car_models
INSERT INTO `car_models` (`id`, `brand_id`, `name`, `slug`) VALUES
(1, 1, 'Granta', 'granta'),
(2, 1, 'Vesta', 'vesta'),
(3, 1, 'Niva Legend', 'niva-legend'),
(4, 1, 'Niva Travel', 'niva-travel'),
(5, 1, 'Largus', 'largus'),
(6, 2, 'Patriot', 'patriot'),
(7, 2, 'Hunter', 'hunter'),
(8, 2, 'СГР', 'sgr'),
(9, 3, '3 Series', '3-series'),
(10, 3, '5 Series', '5-series'),
(11, 3, 'X3', 'x3'),
(12, 3, 'X5', 'x5'),
(13, 3, 'X1', 'x1'),
(14, 4, 'C-Class', 'c-class'),
(15, 4, 'E-Class', 'e-class'),
(16, 4, 'S-Class', 's-class'),
(17, 4, 'GLC', 'glc'),
(18, 4, 'GLE', 'gle'),
(19, 5, 'Focus', 'focus'),
(20, 5, 'Mondeo', 'mondeo'),
(21, 5, 'Kuga', 'kuga'),
(22, 5, 'Explorer', 'explorer'),
(23, 6, 'Rio', 'rio'),
(24, 6, 'Cerato', 'cerato'),
(25, 6, 'K5', 'k5'),
(26, 6, 'Sportage', 'sportage'),
(27, 6, 'Sorento', 'sorento'),
(28, 7, 'Corolla', 'corolla'),
(29, 7, 'Camry', 'camry'),
(30, 7, 'RAV4', 'rav4'),
(31, 7, 'Land Cruiser 300', 'land-cruiser-300'),
(32, 7, 'Hilux', 'hilux'),
(33, 8, 'Solaris', 'solaris'),
(34, 8, 'Elantra', 'elantra'),
(35, 8, 'Sonata', 'sonata'),
(36, 8, 'Tucson', 'tucson'),
(37, 8, 'Santa Fe', 'santa-fe');

ALTER TABLE `car_models` AUTO_INCREMENT = 38;

-- categories
INSERT INTO `categories` (`id`, `name`, `slug`, `icon`, `sort_order`) VALUES
(1, 'Двигатель', 'engine', 'dvig.png', 1),
(2, 'Трансмиссия', 'transmission', 'transm.png', 2),
(3, 'Подвеска', 'suspension', 'podveska.png', 3),
(4, 'Тормозная система', 'brakes', 'tormoza.png', 4),
(5, 'Рулевое управление', 'steering', 'ryl.png', 5),
(6, 'Электрика', 'electrics', 'electron.png', 6),
(7, 'Шины и диски', 'wheels', 'kolesa.png', 7),
(8, 'Масла и жидкости', 'oils', 'maslo.png', 8),
(9, 'Аксессуары', 'accessories', 'akses.png', 9);

ALTER TABLE `categories` AUTO_INCREMENT = 10;

-- product_types
INSERT INTO `product_types` (`id`, `category_id`, `name`, `slug`) VALUES
(1, 1, 'Масляный фильтр', 'oil-filter'),
(2, 1, 'Воздушный фильтр', 'air-filter'),
(3, 1, 'Топливный фильтр', 'fuel-filter'),
(4, 1, 'Свечи зажигания', 'spark-plugs'),
(5, 1, 'Ремень ГРМ', 'timing-belt'),
(6, 1, 'Прокладка ГБЦ', 'head-gasket'),
(7, 2, 'Сцепление (комплект)', 'clutch-kit'),
(8, 2, 'Выжимной подшипник', 'release-bearing'),
(9, 2, 'ШРУС наружный', 'outer-cv-joint'),
(10, 2, 'Приводной вал', 'drive-shaft'),
(11, 2, 'Масло для КПП', 'gearbox-oil'),
(12, 2, 'Маховик', 'flywheel'),
(13, 3, 'Амортизатор передний', 'front-shock'),
(14, 3, 'Амортизатор задний', 'rear-shock'),
(15, 3, 'Пружина подвески', 'suspension-spring'),
(16, 3, 'Рычаг подвески', 'control-arm'),
(17, 3, 'Шаровая опора', 'ball-joint'),
(18, 3, 'Сайлентблок', 'silent-block'),
(19, 4, 'Тормозные колодки передние', 'front-brake-pads'),
(20, 4, 'Тормозные колодки задние', 'rear-brake-pads'),
(21, 4, 'Тормозные диски', 'brake-discs'),
(22, 4, 'Тормозные барабаны', 'brake-drums'),
(23, 4, 'Тормозной суппорт', 'brake-caliper'),
(25, 5, 'Рулевая рейка', 'steering-rack'),
(26, 5, 'Рулевая тяга', 'tie-rod'),
(27, 5, 'Рулевой наконечник', 'tie-rod-end'),
(28, 5, 'Насос ГУР', 'power-steering-pump'),
(29, 5, 'Жидкость ГУР', 'power-steering-fluid'),
(30, 6, 'Аккумулятор', 'battery'),
(31, 6, 'Генератор', 'alternator'),
(32, 6, 'Стартер', 'starter'),
(33, 6, 'Датчик кислорода (лямбда-зонд)', 'oxygen-sensor'),
(34, 6, 'Датчик температуры', 'temperature-sensor'),
(35, 6, 'Катушка зажигания', 'ignition-coil'),
(36, 6, 'Предохранители', 'fuses'),
(37, 7, 'Летняя шина', 'summer-tire'),
(38, 7, 'Зимняя шина', 'winter-tire'),
(39, 7, 'Всесезонная шина', 'all-season-tire'),
(40, 7, 'Литой диск', 'alloy-wheel'),
(41, 7, 'Стальной диск', 'steel-wheel'),
(42, 7, 'Болты и гайки колёсные', 'wheel-bolts'),
(43, 8, 'Моторное масло', 'engine-oil'),
(44, 8, 'Трансмиссионное масло', 'transmission-oil'),
(45, 8, 'Антифриз', 'antifreeze'),
(46, 8, 'Тормозная жидкость', 'brake-fluid-oil'),
(47, 8, 'Омывающая жидкость', 'washer-fluid'),
(48, 8, 'Жидкость ГУР', 'ps-fluid'),
(49, 9, 'Щётки стеклоочистителя', 'wiper-blades'),
(50, 9, 'Коврики салона', 'floor-mats'),
(51, 9, 'Чехлы на сиденья', 'seat-covers'),
(52, 9, 'Автомобильный компрессор', 'car-compressor'),
(53, 9, 'Домкрат', 'jack'),
(54, 9, 'Знак аварийной остановки', 'warning-triangle'),
(55, 9, 'Автохимия', 'auto-chemicals');

ALTER TABLE `product_types` AUTO_INCREMENT = 56;

-- users
INSERT INTO `users` (`id`, `email`, `password_hash`, `full_name`, `phone`, `is_admin`, `created_at`, `firstname`, `lastname`, `birthdate`, `address`, `updated_at`, `avatar`) VALUES
(3, 'ivanov@mail.ru', '$2y$10$yztfSoneQNTUAK1.iJtGKe319KRwV1gao1udD4/GwHgcJGu3wOzvK', 'Иван Иванов', '', 0, '2026-04-20 10:32:30', 'Иван', 'Иванов', NULL, '', NULL, NULL),
(4, 'admin@mail.ru', '$2y$10$nr1L379EB/HdFcLQM80a6uaTqb3fKdmX6/Qs8rbqUJBDjyrBWibsW', 'Админ Админов', '', 1, '2026-04-20 10:33:40', 'Админ', 'Админов', NULL, '', '2026-04-20 07:56:04', 'img/avatars/av_4_1776671764.png'),
(5, 'aleksey.petrov@mail.ru', '$2y$12$007SMt8iFZgFtXP5CW2ZDe71UuGHmkQjwQwJ22TSCA1tBfoii8mxu', 'Алексей Петров', '+79161234567', 0, '2025-10-27 09:58:20', 'Алексей', 'Петров', NULL, '', NULL, NULL),
(6, 'maria.ivanova@gmail.com', '$2y$12$007SMt8iFZgFtXP5CW2ZDe71UuGHmkQjwQwJ22TSCA1tBfoii8mxu', 'Мария Иванова', '+79031112233', 0, '2025-12-06 09:58:20', 'Мария', 'Иванова', NULL, '', NULL, NULL),
(7, 'd.sidorov@yandex.ru', '$2y$12$007SMt8iFZgFtXP5CW2ZDe71UuGHmkQjwQwJ22TSCA1tBfoii8mxu', 'Дмитрий Сидоров', '+79671239876', 0, '2026-01-20 09:58:20', 'Дмитрий', 'Сидоров', NULL, '', NULL, NULL),
(8, 'anna.kozlova@inbox.ru', '$2y$12$007SMt8iFZgFtXP5CW2ZDe71UuGHmkQjwQwJ22TSCA1tBfoii8mxu', 'Анна Козлова', '+79885556677', 0, '2026-02-24 09:58:20', 'Анна', 'Козлова', NULL, '', NULL, NULL),
(9, 's.novikov@rambler.ru', '$2y$12$007SMt8iFZgFtXP5CW2ZDe71UuGHmkQjwQwJ22TSCA1tBfoii8mxu', 'Сергей Новиков', '+79251010203', 0, '2026-03-11 09:58:20', 'Сергей', 'Новиков', NULL, '', NULL, NULL),
(10, 'katya.morozova@mail.ru', '$2y$12$007SMt8iFZgFtXP5CW2ZDe71UuGHmkQjwQwJ22TSCA1tBfoii8mxu', 'Екатерина Морозова', '+79174321234', 0, '2026-03-26 09:58:20', 'Екатерина', 'Морозова', NULL, '', NULL, NULL),
(11, 'andrey.volkov@gmail.com', '$2y$12$007SMt8iFZgFtXP5CW2ZDe71UuGHmkQjwQwJ22TSCA1tBfoii8mxu', 'Андрей Волков', '+79621234000', 0, '2026-04-05 09:58:20', 'Андрей', 'Волков', NULL, '', NULL, NULL),
(12, 'julia.zakharova@bk.ru', '$2y$12$007SMt8iFZgFtXP5CW2ZDe71UuGHmkQjwQwJ22TSCA1tBfoii8mxu', 'Юлия Захарова', '+79803456789', 0, '2026-04-15 09:58:20', 'Юлия', 'Захарова', NULL, '', NULL, NULL),
(13, 'user@mail.ru', '$2y$10$c.s492bXKQ6LZ5FYUKFeb.impUOKXOqw9GYxvfVIci0Ghj4t0DjSy', 'Юзер Юзеров', '', 0, '2026-04-30 13:03:59', 'Юзер', 'Юзеров', NULL, '', '2026-05-06 07:48:45', 'img/avatars/av_13_1778053725.jpg'),
(14, 'abcd@mail.ru', '$2y$10$FcAlWw3aSqXsby22fKGcpupnEW8oq3lkgahqgXK8vQdoXCnEmf7rS', 'hjj kljkl', '12345', 0, '2026-05-07 10:49:32', 'hjj', 'kljkl', NULL, '', NULL, NULL),
(15, 'nikita@mail.ru', '$2y$10$5r5N4mvSNkNHL5qDSz0iReBlv62bBYW4E/YehQFM288Neui/gPUuG', 'Никита Никита', '89674986237', 0, '2026-05-07 12:22:56', 'Никита', 'Никита', NULL, '', '2026-05-07 09:23:43', 'img/avatars/av_15_1778145823.jpg');

ALTER TABLE `users` AUTO_INCREMENT = 16;

-- products
INSERT INTO `products` (`id`, `category_id`, `type_id`, `brand_id`, `model_id`, `name`, `description`, `price`, `quantity`, `reserved`, `car_model`, `article`, `image`, `in_stock`, `created_at`) VALUES
(1, 1, 1, 1, 1, 'Масляный фильтр LADA Granta Standard', 'Фильтр для базовой замены масла, защищает двигатель от загрязнений.', 450.00, 15, 0, 'LADA', '100100100001', 'img/products/1/p1_1.jpg', 1, '2026-02-12 13:07:45'),
(2, 1, 1, 1, 1, 'Масляный фильтр LADA Granta Premium', 'Фильтр высокого качества с увеличенным ресурсом, для интенсивной эксплуатации.', 620.00, 8, 0, 'LADA', '100100100002', 'img/products/2/p2_1.jpg', 1, '2026-02-12 13:07:45'),
(3, 1, 1, 1, 1, 'Масляный фильтр LADA Granta Economy', 'Бюджетный фильтр, обеспечивает надежную базовую защиту двигателя.', 400.00, 22, 0, 'LADA', '100100100003', 'img/products/3/p3_1.jpg', 1, '2026-02-12 13:07:45'),
(4, 1, 2, 1, 1, 'Воздушный фильтр LADA Granta Standard', 'Фильтр базового уровня для защиты двигателя от пыли и загрязнений.', 380.00, 18, 0, 'LADA', '100100200001', 'img/products/4/p4_1.jpg', 1, '2026-02-12 13:07:45'),
(5, 1, 2, 1, 1, 'Воздушный фильтр LADA Granta Premium', 'Высококачественный фильтр с улучшенной пропускной способностью воздуха.', 520.00, 7, 0, 'LADA', '100100200002', 'img/products/5/p5_1.jpg', 1, '2026-02-12 13:07:45'),
(6, 1, 2, 1, 1, 'Воздушный фильтр LADA Granta Economy', 'Бюджетный фильтр для стандартной эксплуатации, надёжно очищает воздух.', 350.00, 25, 0, 'LADA', '100100200003', 'img/products/6/p6_1.jpg', 1, '2026-02-12 13:07:45'),
(7, 1, 3, 1, 1, 'Топливный фильтр LADA Granta Standard', 'Базовый фильтр, защищает топливную систему от загрязнений и металлических частиц.', 520.00, 14, 0, 'LADA', '100100300001', 'img/products/7/p7_1.jpg', 1, '2026-02-12 13:07:45'),
(8, 1, 3, 1, 1, 'Топливный фильтр LADA Granta Premium', 'Высококачественный фильтр с улучшенной пропускной способностью топлива, повышает ресурс топливной системы.', 680.00, 6, 0, 'LADA', '100100300002', 'img/products/8/p8_1.jpg', 1, '2026-02-12 13:07:45'),
(9, 1, 3, 1, 1, 'Топливный фильтр LADA Granta Economy', 'Бюджетный вариант для стандартной эксплуатации, надёжно очищает топливо.', 480.00, 19, 0, 'LADA', '100100300003', 'img/products/9/p9_1.jpg', 1, '2026-02-12 13:07:45'),
(10, 1, 4, 1, 1, 'Свечи зажигания LADA Granta Standard', 'Базовые свечи для стабильного воспламенения топливной смеси и нормальной работы двигателя.', 900.00, 12, 0, 'LADA', '100100400001', 'img/products/10/p10_1.jpg', 1, '2026-02-12 13:07:45'),
(11, 1, 4, 1, 1, 'Свечи зажигания LADA Granta Premium', 'Свечи с повышенной износостойкостью и улучшенной искрой для стабильной работы двигателя при любых условиях.', 1150.00, 5, 0, 'LADA', '100100400002', 'img/products/11/p11_1.jpg', 1, '2026-02-12 13:07:45'),
(12, 1, 4, 1, 1, 'Свечи зажигания LADA Granta Economy', 'Бюджетные свечи для стандартной эксплуатации, обеспечивают надежное воспламенение смеси.', 850.00, 20, 0, 'LADA', '100100400003', 'img/products/12/p12_1.jpeg', 1, '2026-02-12 13:07:45'),
(13, 1, 2, 1, 2, 'Воздушный фильтр LADA Vesta Standard', 'Стандартный фильтр для защиты двигателя Vesta от пыли.', 420.00, 16, 0, 'LADA', '200100200001', 'img/products/13/p13_1.jpg', 1, '2026-02-12 13:07:45'),
(14, 1, 5, 1, 2, 'Ремень ГРМ LADA Vesta Original', 'Оригинальный ремень ГРМ для Vesta с увеличенным ресурсом.', 2100.00, 9, 0, 'LADA', '200100500001', 'img/products/14/p14_1.jpg', 1, '2026-02-12 13:07:45'),
(15, 2, 7, 2, 6, 'Сцепление (комплект) УАЗ Patriot Premium', 'Комплект сцепления для УАЗ Патриот, повышенная износостойкость.', 8500.00, 7, 0, 'UAZ', '200200100001', 'img/products/15/p15_1.jpg', 1, '2026-02-12 13:07:45'),
(16, 2, 8, 2, 7, 'Выжимной подшипник УАЗ Hunter Original', 'Оригинальный выжимной подшипник для УАЗ Хантер.', 1200.00, 11, 0, 'UAZ', '200200200001', 'img/products/16/p16_1.jpg', 1, '2026-02-12 13:07:45'),
(17, 3, 13, 3, 9, 'Амортизатор передний BMW 3 Series Sport', 'Передний амортизатор для BMW 3 серии, спортивная настройка.', 7200.00, 6, 0, 'BMW', '300300100001', 'img/products/17/p17_1.jpg', 1, '2026-02-12 13:07:45'),
(18, 3, 14, 3, 10, 'Амортизатор задний BMW 5 Series Comfort', 'Задний амортизатор для BMW 5 серии, повышенный комфорт.', 6800.00, 8, 0, 'BMW', '300300200001', 'img/products/18/p18_1.jpg', 1, '2026-02-12 13:07:45'),
(19, 4, 19, 4, 14, 'Тормозные колодки передние Mercedes C-Class Premium', 'Передние тормозные колодки для Mercedes C-класса, керамический состав.', 5300.00, 14, 0, 'Mercedes', '400400100001', 'img/products/19/p19_1.jpg', 1, '2026-02-12 13:07:45'),
(20, 4, 21, 4, 14, 'Тормозные диски Mercedes C-Class Original', 'Оригинальные тормозные диски для Mercedes C-класса, вентилируемые.', 11200.00, 5, 0, 'Mercedes', '400400300001', 'img/products/20/p20_1.jpg', 1, '2026-02-12 13:07:45'),
(21, 5, 25, 5, 19, 'Рулевая рейка Ford Focus Rebuilt', 'Восстановленная рулевая рейка для Ford Focus, с гарантией.', 12500.00, 4, 0, 'Ford', '500500100001', 'img/products/21/p21_1.jpg', 1, '2026-02-12 13:07:45'),
(22, 5, 26, 5, 20, 'Рулевая тяга Ford Mondeo Original', 'Оригинальная рулевая тяга для Ford Mondeo.', 3200.00, 13, 0, 'Ford', '500500200001', 'img/products/22/p22_1.jpg', 1, '2026-02-12 13:07:45'),
(23, 6, 30, 6, 23, 'Аккумулятор KIA Rio 60Ah', 'Аккумулятор 60Ач для KIA Rio, необслуживаемый.', 4800.00, 9, 0, 'KIA', '600600100001', 'img/products/23/p23_1.jpg', 1, '2026-02-12 13:07:45'),
(24, 6, 32, 6, 25, 'Стартер KIA K5 Original', 'Оригинальный стартер для KIA K5.', 8900.00, 7, 0, 'KIA', '600600300001', 'img/products/24/p24_1.jpg', 1, '2026-02-12 13:07:45'),
(25, 7, 37, 7, 28, 'Летняя шина Toyota Corolla 195/65 R15', 'Летняя шина для Toyota Corolla, хорошее сцепление и комфорт.', 3200.00, 18, 0, 'Toyota', '700700100001', 'img/products/25/p25_1.jpg', 1, '2026-02-12 13:07:45'),
(26, 7, 38, 7, 30, 'Зимняя шина Toyota RAV4 225/65 R17', 'Зимняя шина для Toyota RAV4, отличная управляемость на снегу.', 5400.00, 12, 0, 'Toyota', '700700200001', 'img/products/26/p26_1.jpg', 1, '2026-02-12 13:07:45'),
(27, 8, 43, 8, 33, 'Моторное масло Hyundai Solaris 5W-30 Synthetic', 'Синтетическое моторное масло 5W-30 для Hyundai Solaris.', 1800.00, 25, 0, 'Hyundai', '800800100001', 'img/products/27/p27_1.jpg', 1, '2026-02-12 13:07:45'),
(28, 8, 46, 8, 34, 'Тормозная жидкость Hyundai Elantra DOT4', 'Тормозная жидкость DOT4 для Hyundai Elantra.', 600.00, 30, 0, 'Hyundai', '800800400001', 'img/products/28/p28_1.jpg', 1, '2026-02-12 13:07:45'),
(29, 9, 49, 1, 1, 'Щётки стеклоочистителя LADA Granta Universal', 'Универсальные щётки стеклоочистителя для LADA Granta.', 450.00, 22, 0, 'LADA', '100900100001', 'img/products/29/p29_1.jpg', 1, '2026-02-12 13:07:45'),
(30, 9, 50, 2, 6, 'Коврики салона УАЗ Patriot All-Weather', 'Всепогодные коврики салона для УАЗ Патриот.', 2100.00, 14, 0, 'UAZ', '200900200001', 'img/products/30/p30_1.jpg', 1, '2026-02-12 13:07:45');

ALTER TABLE `products` AUTO_INCREMENT = 201;

-- product_images
INSERT INTO `product_images` (`id`, `product_id`, `filename`, `sort_order`, `is_primary`, `created_at`) VALUES
(1, 1, 'img/products/1/p1_1.jpg', 0, 1, '2026-05-06 08:24:57'),
(2, 1, 'img/products/1/p1_2.webp', 1, 0, '2026-05-06 08:24:57'),
(3, 1, 'img/products/1/p1_3.jpeg', 2, 0, '2026-05-06 08:24:59'),
(4, 10, 'img/products/10/p10_1.jpg', 0, 1, '2026-05-06 08:25:19'),
(5, 10, 'img/products/10/p10_2.jpg', 1, 0, '2026-05-06 08:25:19'),
(6, 10, 'img/products/10/p10_3.jpg', 2, 0, '2026-05-06 08:25:20'),
(7, 16, 'img/products/16/p16_1.jpg', 0, 1, '2026-05-06 08:25:35'),
(8, 16, 'img/products/16/p16_2.jpg', 1, 0, '2026-05-06 08:25:35'),
(9, 16, 'img/products/16/p16_3.jpg', 2, 0, '2026-05-06 08:25:36'),
(10, 18, 'img/products/18/p18_1.jpg', 0, 1, '2026-05-06 08:25:43'),
(11, 18, 'img/products/18/p18_2.jpg', 1, 0, '2026-05-06 08:25:47'),
(12, 18, 'img/products/18/p18_3.jpg', 2, 0, '2026-05-06 08:25:47'),
(13, 2, 'img/products/2/p2_1.jpg', 0, 1, '2026-05-06 08:26:44'),
(14, 2, 'img/products/2/p2_2.jpg', 1, 0, '2026-05-06 08:26:44'),
(15, 2, 'img/products/2/p2_3.jpg', 2, 0, '2026-05-06 08:26:44'),
(16, 3, 'img/products/3/p3_1.jpg', 0, 1, '2026-05-06 08:26:48'),
(17, 3, 'img/products/3/p3_2.jpg', 1, 0, '2026-05-06 08:26:49'),
(18, 3, 'img/products/3/p3_3.jpg', 2, 0, '2026-05-06 08:26:49'),
(19, 4, 'img/products/4/p4_1.jpg', 0, 1, '2026-05-06 08:26:53'),
(20, 4, 'img/products/4/p4_2.jpg', 1, 0, '2026-05-06 08:26:54'),
(21, 4, 'img/products/4/p4_3.webp', 2, 0, '2026-05-06 08:26:54'),
(22, 5, 'img/products/5/p5_1.jpg', 0, 1, '2026-05-06 08:26:58'),
(23, 5, 'img/products/5/p5_2.jpg', 1, 0, '2026-05-06 08:26:59'),
(24, 5, 'img/products/5/p5_3.webp', 2, 0, '2026-05-06 08:26:59'),
(25, 6, 'img/products/6/p6_1.jpg', 0, 1, '2026-05-06 08:27:01'),
(26, 6, 'img/products/6/p6_2.jpg', 1, 0, '2026-05-06 08:27:02'),
(27, 6, 'img/products/6/p6_3.jpg', 2, 0, '2026-05-06 08:27:03'),
(28, 7, 'img/products/7/p7_1.jpg', 0, 1, '2026-05-06 08:27:05'),
(29, 7, 'img/products/7/p7_2.jpg', 1, 0, '2026-05-06 08:27:07'),
(30, 7, 'img/products/7/p7_3.jpg', 2, 0, '2026-05-06 08:27:08'),
(31, 8, 'img/products/8/p8_1.jpg', 0, 1, '2026-05-06 08:27:12'),
(32, 8, 'img/products/8/p8_2.jpg', 1, 0, '2026-05-06 08:27:13'),
(33, 8, 'img/products/8/p8_3.jpg', 2, 0, '2026-05-06 08:27:13'),
(34, 9, 'img/products/9/p9_1.jpg', 0, 1, '2026-05-06 08:27:16'),
(35, 9, 'img/products/9/p9_2.jpg', 1, 0, '2026-05-06 08:27:16'),
(36, 9, 'img/products/9/p9_3.jpg', 2, 0, '2026-05-06 08:27:17'),
(37, 11, 'img/products/11/p11_1.jpg', 0, 1, '2026-05-06 08:27:20'),
(38, 11, 'img/products/11/p11_2.jpg', 1, 0, '2026-05-06 08:27:20'),
(39, 11, 'img/products/11/p11_3.jpg', 2, 0, '2026-05-06 08:27:21'),
(40, 12, 'img/products/12/p12_1.jpeg', 0, 1, '2026-05-06 08:27:26'),
(41, 12, 'img/products/12/p12_2.jpeg', 1, 0, '2026-05-06 08:27:26'),
(42, 12, 'img/products/12/p12_3.jpg', 2, 0, '2026-05-06 08:27:27'),
(43, 13, 'img/products/13/p13_1.jpg', 0, 1, '2026-05-06 08:27:31'),
(44, 13, 'img/products/13/p13_2.jpg', 1, 0, '2026-05-06 08:27:31'),
(45, 13, 'img/products/13/p13_3.jpg', 2, 0, '2026-05-06 08:27:32'),
(46, 14, 'img/products/14/p14_1.jpg', 0, 1, '2026-05-06 08:27:36'),
(47, 14, 'img/products/14/p14_2.jpg', 1, 0, '2026-05-06 08:27:37'),
(48, 14, 'img/products/14/p14_3.jpg', 2, 0, '2026-05-06 08:27:37'),
(49, 15, 'img/products/15/p15_1.jpg', 0, 1, '2026-05-06 08:27:40'),
(50, 15, 'img/products/15/p15_2.jpg', 1, 0, '2026-05-06 08:27:41'),
(51, 15, 'img/products/15/p15_3.jpg', 2, 0, '2026-05-06 08:27:41'),
(52, 17, 'img/products/17/p17_1.jpg', 0, 1, '2026-05-06 08:27:45'),
(53, 17, 'img/products/17/p17_2.jpg', 1, 0, '2026-05-06 08:27:45'),
(54, 17, 'img/products/17/p17_3.jpg', 2, 0, '2026-05-06 08:27:46'),
(55, 19, 'img/products/19/p19_1.jpg', 0, 1, '2026-05-06 08:27:48'),
(56, 19, 'img/products/19/p19_2.jpg', 1, 0, '2026-05-06 08:27:49'),
(57, 19, 'img/products/19/p19_3.jpg', 2, 0, '2026-05-06 08:27:49'),
(58, 20, 'img/products/20/p20_1.jpg', 0, 1, '2026-05-06 08:27:53'),
(59, 20, 'img/products/20/p20_2.jpg', 1, 0, '2026-05-06 08:27:54'),
(60, 20, 'img/products/20/p20_3.jpg', 2, 0, '2026-05-06 08:27:54'),
(61, 21, 'img/products/21/p21_1.jpg', 0, 1, '2026-05-06 08:27:58'),
(62, 21, 'img/products/21/p21_2.jpg', 1, 0, '2026-05-06 08:27:59'),
(63, 21, 'img/products/21/p21_3.jpg', 2, 0, '2026-05-06 08:27:59'),
(64, 22, 'img/products/22/p22_1.jpg', 0, 1, '2026-05-06 08:28:03'),
(65, 22, 'img/products/22/p22_2.jpg', 1, 0, '2026-05-06 08:28:05'),
(66, 22, 'img/products/22/p22_3.jpg', 2, 0, '2026-05-06 08:28:05'),
(67, 23, 'img/products/23/p23_1.jpg', 0, 1, '2026-05-06 08:28:09'),
(68, 23, 'img/products/23/p23_2.jpg', 1, 0, '2026-05-06 08:28:10'),
(69, 23, 'img/products/23/p23_3.jpg', 2, 0, '2026-05-06 08:28:10'),
(70, 24, 'img/products/24/p24_1.jpg', 0, 1, '2026-05-06 08:28:15'),
(71, 24, 'img/products/24/p24_2.jpg', 1, 0, '2026-05-06 08:28:16'),
(72, 24, 'img/products/24/p24_3.jpg', 2, 0, '2026-05-06 08:28:17'),
(73, 25, 'img/products/25/p25_1.jpg', 0, 1, '2026-05-06 08:28:22'),
(74, 25, 'img/products/25/p25_2.jpg', 1, 0, '2026-05-06 08:28:23'),
(75, 25, 'img/products/25/p25_3.jpg', 2, 0, '2026-05-06 08:28:23'),
(76, 26, 'img/products/26/p26_1.jpg', 0, 1, '2026-05-06 08:28:27'),
(77, 26, 'img/products/26/p26_2.jpg', 1, 0, '2026-05-06 08:28:29'),
(78, 26, 'img/products/26/p26_3.jpg', 2, 0, '2026-05-06 08:28:30'),
(79, 27, 'img/products/27/p27_1.jpg', 0, 1, '2026-05-06 08:28:34'),
(80, 27, 'img/products/27/p27_2.jpg', 1, 0, '2026-05-06 08:28:34'),
(81, 27, 'img/products/27/p27_3.jpg', 2, 0, '2026-05-06 08:28:35'),
(82, 28, 'img/products/28/p28_1.jpg', 0, 1, '2026-05-06 08:28:38'),
(83, 28, 'img/products/28/p28_2.jpg', 1, 0, '2026-05-06 08:28:38'),
(84, 28, 'img/products/28/p28_3.jpg', 2, 0, '2026-05-06 08:28:38'),
(85, 29, 'img/products/29/p29_1.jpg', 0, 1, '2026-05-06 08:28:42'),
(86, 29, 'img/products/29/p29_2.jpg', 1, 0, '2026-05-06 08:28:43'),
(87, 29, 'img/products/29/p29_3.jpg', 2, 0, '2026-05-06 08:28:43'),
(88, 30, 'img/products/30/p30_1.jpg', 0, 1, '2026-05-06 08:28:46'),
(89, 30, 'img/products/30/p30_2.jpg', 1, 0, '2026-05-06 08:28:46'),
(90, 30, 'img/products/30/p30_3.jpg', 2, 0, '2026-05-06 08:28:47');

ALTER TABLE `product_images` AUTO_INCREMENT = 91;

-- orders
INSERT INTO `orders` (`id`, `user_id`, `status`, `total`, `address`, `comment`, `created_at`, `updated_at`, `user_order_number`) VALUES
(1, 4, 'pending', 600.00, 'пр. Победы, д. 55', '', '2026-04-23 06:41:49', '2026-04-30 10:37:13', 1),
(2, 4, 'pending', 2100.00, 'вааываы', '', '2026-04-23 06:37:57', '2026-04-30 10:37:13', 2),
(3, 4, 'pending', 450.00, '', '', '2026-04-19 21:00:00', '2026-04-30 10:37:13', 3),
(4, 3, 'pending', 600.00, 'пр. Победы, д. 55', '', '2026-04-23 06:41:49', '2026-04-30 10:37:13', 1),
(5, 3, 'pending', 2100.00, 'вааываы', '', '2026-04-23 06:37:57', '2026-04-30 10:37:13', 2),
(6, 3, 'pending', 450.00, '', '', '2026-04-19 21:00:00', '2026-04-30 10:37:13', 3),
(8, 13, 'pending', 380.00, 'Пушкина Колотушкина', 'упаковать', '2026-04-30 10:05:21', '2026-04-30 10:37:13', 1),
(9, 13, 'pending', 7200.00, 'пр. Победы, д. 55', 'ghbdtn', '2026-04-30 10:08:17', '2026-04-30 10:37:13', 2),
(10, 13, 'pending', 2100.00, 'Самовывоз', '', '2026-04-30 10:09:13', '2026-04-30 10:37:13', 3),
(11, 13, 'pending', 1800.00, 'Самовывоз', '', '2026-04-30 10:46:37', NULL, 4),
(12, 13, 'pending', 8900.00, 'Самовывоз', '', '2026-04-30 10:56:15', NULL, 5),
(13, 13, 'pending', 600.00, 'пр. Победы, д. 55', '', '2026-04-30 19:34:40', NULL, 6),
(14, 13, 'pending', 2100.00, 'Самовывоз', '', '2026-04-30 19:35:45', NULL, 7),
(15, 13, 'pending', 11200.00, 'Самовывоз', '', '2026-05-06 11:50:58', NULL, 8),
(16, 13, 'pending', 680.00, 'Самовывоз', '', '2026-05-06 12:00:53', NULL, 9),
(17, 4, 'pending', 11200.00, 'пр. Победы, д. 55', '', '2026-05-06 12:34:21', NULL, 4),
(18, 4, 'pending', 0.00, 'пр. Победы, д. 55', '', '2026-05-06 09:34:35', '2026-05-06 12:35:59', 5),
(19, 13, 'pending', 1800.00, 'Самовывоз', '', '2026-05-06 12:36:54', NULL, 10),
(20, 15, 'pending', 4800.00, 'Самовывоз', '', '2026-05-07 09:32:38', NULL, 1);

ALTER TABLE `orders` AUTO_INCREMENT = 21;

-- order_items
INSERT INTO `order_items` (`id`, `order_id`, `product_id`, `name`, `article`, `price`, `quantity`) VALUES
(1, 1, 28, 'Тормозная жидкость Hyundai Elantra DOT4', '800800400001', 600.00, 1),
(2, 2, 14, 'Ремень ГРМ LADA Vesta Original', '200100500001', 2100.00, 1),
(3, 3, 29, 'Щётки стеклоочистителя LADA Granta Universal', '100900100001', 450.00, 1),
(4, 4, 28, 'Тормозная жидкость Hyundai Elantra DOT4', '800800400001', 600.00, 1),
(5, 5, 14, 'Ремень ГРМ LADA Vesta Original', '200100500001', 2100.00, 1),
(6, 6, 29, 'Щётки стеклоочистителя LADA Granta Universal', '100900100001', 450.00, 1),
(8, 8, 4, 'Воздушный фильтр LADA Granta Standard', '100100200001', 380.00, 1),
(9, 9, 17, 'Амортизатор передний BMW 3 Series Sport', '300300100001', 7200.00, 1),
(10, 10, 30, 'Коврики салона УАЗ Patriot All-Weather', '200900200001', 2100.00, 1),
(11, 11, 27, 'Моторное масло Hyundai Solaris 5W-30 Synthetic', '800800100001', 1800.00, 1),
(12, 12, 24, 'Стартер KIA K5 Original', '600600300001', 8900.00, 1),
(13, 13, 28, 'Тормозная жидкость Hyundai Elantra DOT4', '800800400001', 600.00, 1),
(14, 14, 30, 'Коврики салона УАЗ Patriot All-Weather', '200900200001', 2100.00, 1),
(15, 15, 20, 'Тормозные диски Mercedes C-Class Original', '400400300001', 11200.00, 1),
(16, 16, 8, 'Топливный фильтр LADA Granta Premium', '100100300002', 680.00, 1),
(17, 17, 20, 'Тормозные диски Mercedes C-Class Original', '400400300001', 11200.00, 1),
(18, 19, 27, 'Моторное масло Hyundai Solaris 5W-30 Synthetic', '800800100001', 1800.00, 1),
(19, 20, 23, 'Аккумулятор KIA Rio 60Ah', '600600100001', 4800.00, 1);

ALTER TABLE `order_items` AUTO_INCREMENT = 20;

-- product_reviews
INSERT INTO `product_reviews` (`id`, `product_id`, `user_id`, `rating`, `title`, `body`, `status`, `admin_reply`, `admin_reply_at`, `created_at`) VALUES
(1, 1, 5, 5, 'Отличное качество!', 'Заказывал впервые — товар пришёл в срок, упакован аккуратно. Поставил на машину — всё идеально подошло. Буду заказывать ещё.', 'approved', 'Спасибо за ваш отзыв! Рады, что товар вам понравился. Ждём вас снова!', '2026-03-01 06:58:20', '2026-02-24 06:58:20'),
(2, 2, 5, 4, 'Хорошая деталь', 'В целом доволен. Встала нормально, работает как надо. Минус балл — ждал чуть дольше обещанного, но оно того стоило.', 'approved', 'Спасибо за отзыв! Приносим извинения за задержку, работаем над сроками.', '2026-03-06 06:58:20', '2026-03-01 06:58:20'),
(3, 3, 5, 5, 'Топ за свои деньги', 'Брал для замены изношенного. Встал без доработок, резьбы совпали, материал крепкий. За такие деньги — шикарно.', 'approved', NULL, NULL, '2026-03-16 06:58:20'),
(4, 4, 6, 5, 'Рекомендую!', 'Полностью соответствует описанию. Качество на уровне оригинала, цена разумная. Доставка быстрая. Очень довольна покупкой.', 'approved', 'Спасибо большое! Рады видеть вас снова :)', '2026-03-11 06:58:20', '2026-03-06 06:58:20'),
(5, 5, 6, 3, 'Средне', 'Деталь рабочая, но к качеству отделки есть вопросы. Функционально всё ок, но за такую цену ожидала чуть лучше.', 'approved', 'Спасибо за честный отзыв! Передадим замечание поставщику.', '2026-03-18 06:58:20', '2026-03-14 06:58:20'),
(6, 6, 7, 4, 'Неплохо', 'Купил как замену заводскому — не разочарован. Чуть дороговато, но зато надёжно. Год уже прошло — нареканий нет.', 'approved', NULL, NULL, '2026-03-21 06:58:20'),
(7, 3, 7, 5, 'Всё чётко', 'Быстро доставили, хорошая упаковка. Качество устраивает полностью. Сервис на высоте — консультировали вежливо.', 'approved', 'Благодарим! Приятно получать такие отзывы.', '2026-03-28 06:58:20', '2026-03-26 06:58:20'),
(8, 7, 8, 5, 'Отличный товар', 'Заказала для мужа — он доволен. Деталь подошла точно по размеру, качество хорошее. Доставка за день, упаковка надёжная.', 'approved', 'Передайте мужу привет! Рады, что всё подошло :)', '2026-04-03 06:58:20', '2026-03-31 06:58:20'),
(9, 8, 8, 4, 'Почти идеально', 'Качество хорошее, подошло по размеру. Небольшая царапина на упаковке, но сама деталь целая. Рекомендую магазин.', 'approved', NULL, NULL, '2026-04-07 06:58:20'),
(10, 9, 9, 5, 'Лучшее предложение в городе', 'Объездил несколько магазинов — нигде не было нужного артикула. Здесь нашёл сразу. Цена ниже чем у конкурентов.', 'approved', 'Очень рады помочь! Обращайтесь.', '2026-04-10 06:58:20', '2026-04-08 06:58:20'),
(11, 1, 9, 4, 'Хорошее качество', 'Деталь качественная, встала без проблем. Единственный минус — инструкции по установке нет. Но разобрался сам.', 'approved', NULL, NULL, '2026-04-13 06:58:20'),
(12, 10, 10, 5, 'Супер!', 'Очень довольна покупкой. Пришло быстро, упаковано отлично. Деталь оригинального качества. Буду постоянным клиентом.', 'approved', 'Спасибо! Ждём вас снова!', '2026-04-17 06:58:20', '2026-04-15 06:58:20'),
(13, 2, 11, 3, 'Нормально, но есть нюансы', 'Встала не с первого раза — пришлось немного подогнать. В итоге стоит нормально. Доставка быстрая — это плюс.', 'approved', 'Приносим извинения за неудобства! Если остались вопросы — пишите в поддержку.', '2026-04-20 06:58:20', '2026-04-18 06:58:20'),
(14, 4, 12, 5, 'Рекомендую всем!', 'Качество на высоте, цена честная. Доставили быстрее обещанного. Менеджер ответил на все вопросы. Отличный магазин!', 'approved', 'Большое спасибо! Вы очень добры :)', '2026-04-22 06:58:20', '2026-04-20 06:58:20'),
(15, 27, 13, 5, 'Хорошо', 'Соответствует', 'approved', NULL, NULL, '2026-04-30 10:46:25');

ALTER TABLE `product_reviews` AUTO_INCREMENT = 17;

-- product_questions
INSERT INTO `product_questions` (`id`, `product_id`, `user_id`, `question`, `answer`, `answered_at`, `status`, `created_at`) VALUES
(1, 1, 5, 'Подойдёт ли данная деталь на праворульный автомобиль? Стоит ли отдельно уточнять при заказе?', 'Здравствуйте! Данный артикул универсальный и подходит как для право-, так и для леворульных автомобилей. Уточнение не требуется.', '2026-03-01 06:58:20', 'answered', '2026-02-26 06:58:20'),
(2, 3, 6, 'Есть ли гарантия на данный товар? Если деталь окажется бракованной — что делать?', 'Гарантия на данную позицию составляет 12 месяцев. При обнаружении производственного брака — оформляйте возврат через личный кабинет, заменим бесплатно.', '2026-03-08 06:58:20', 'answered', '2026-03-06 06:58:20'),
(3, 5, 7, 'Сколько времени займёт доставка в Москву? Есть ли экспресс-доставка на сегодня?', 'Доставка по Москве — 1–2 рабочих дня курьером. Экспресс-доставка до 3 часов доступна при оформлении до 14:00.', '2026-03-26 06:58:20', 'answered', '2026-03-24 06:58:20'),
(4, 7, 8, 'Можно ли вернуть, если не подойдёт по размеру? Принимаете ли возвраты?', 'Возврат в течение 14 дней при сохранении товарного вида — пожалуйста. Деньги вернём на карту в течение 5 рабочих дней.', '2026-04-03 06:58:20', 'answered', '2026-04-01 06:58:20'),
(5, 9, 9, 'Есть ли этот же артикул в чёрном цвете или только в сером варианте?', NULL, NULL, 'open', '2026-04-15 06:58:20'),
(6, 2, 10, 'Совместима ли деталь с турбированным двигателем? У меня 1.6T 2020 года выпуска.', NULL, NULL, 'open', '2026-04-19 06:58:20'),
(7, 6, 11, 'Какой максимальный допуск по толщине? Оригинал 2.4 мм — аналог подойдёт?', 'Допуск ±0.1 мм относительно оригинала. При оригинале 2.4 мм данная позиция 2.35 мм — полностью в допуске.', '2026-04-22 06:58:20', 'answered', '2026-04-20 06:58:20'),
(8, 4, 12, 'Есть ли в наличии оригинальная упаковка? Покупаю в подарок — важен внешний вид.', NULL, NULL, 'open', '2026-04-23 06:58:20'),
(9, 19, 13, 'Хорошие?', 'да', '2026-05-06 12:02:52', 'answered', '2026-05-06 12:01:51'),
(10, 30, 13, 'Подходит на Субару?', NULL, NULL, 'open', '2026-05-06 12:03:28');

ALTER TABLE `product_questions` AUTO_INCREMENT = 11;

-- support_messages
INSERT INTO `support_messages` (`id`, `user_id`, `name`, `email`, `subject`, `message`, `status`, `reply`, `replied_at`, `created_at`) VALUES
(1, 5, 'Алексей Петров', 'aleksey.petrov@mail.ru', 'Вопрос по заказу', 'Добрый день. Оформил заказ три дня назад, но статус до сих пор «Ожидает подтверждения». Подскажите, когда ожидать отправку? Номер заказа: DW-20241015.', 'replied', 'Здравствуйте, Алексей! Приносим извинения за задержку. Ваш заказ уже передан на склад и будет отправлен сегодня. Трек-номер пришлём на почту.', '2026-04-13 06:58:20', '2026-04-11 06:58:20'),
(2, 6, 'Мария Иванова', 'maria.ivanova@gmail.com', 'Возврат и обмен', 'Здравствуйте, получила деталь — она не подошла по размеру, хотя указывала VIN. Хочу оформить обмен на подходящую позицию. Как это сделать?', 'replied', 'Здравствуйте, Мария! Для обмена напишите VIN и артикул полученной детали на info@driveway.ru. Мы подберём подходящую позицию и организуем бесплатный обмен.', '2026-04-16 06:58:20', '2026-04-14 06:58:20'),
(3, 7, 'Дмитрий Сидоров', 'd.sidorov@yandex.ru', 'Доставка', 'Хотел уточнить: вы работаете с транспортной компанией СДЭК? И сколько стоит доставка до Екатеринбурга примерно?', 'read', NULL, NULL, '2026-04-18 06:58:20'),
(4, 8, 'Анна Козлова', 'anna.kozlova@inbox.ru', 'Гарантия', 'Купила деталь 8 месяцев назад, вчера обнаружила трещину в корпусе. Гарантия ещё действует — как оформить гарантийный случай? Чек и фото имеются.', 'read', NULL, NULL, '2026-04-22 06:58:20'),
(5, 9, 'Сергей Новиков', 's.novikov@rambler.ru', 'Вопрос по товару', 'Добрый день! Подскажите, есть ли у вас в наличии масляный фильтр для Kia Rio 1.6 2018 года? На сайте не нашёл нужный артикул.', 'read', NULL, NULL, '2026-04-24 06:58:20'),
(6, NULL, 'Иван Гостевой', 'ivan.guest@example.com', 'Другое', 'Хочу предложить партнёрство — у меня небольшой автосервис, могу давать рекомендации клиентам. Как связаться с отделом по работе с партнёрами?', 'read', NULL, NULL, '2026-04-23 06:58:20'),
(7, 13, 'Юзер Юзеров', 'user@mail.ru', 'Тест', 'Тест 1234567890', 'replied', 'ок', '2026-05-06 12:28:44', '2026-05-06 12:28:13');

ALTER TABLE `support_messages` AUTO_INCREMENT = 8;

-- user_cars
INSERT INTO `user_cars` (`id`, `user_id`, `brand`, `model`, `year`) VALUES
(1, 5, 'Toyota', 'Camry', 2019),
(2, 6, 'Volkswagen', 'Polo', 2021),
(3, 7, 'Lada', 'Vesta', 2020),
(4, 8, 'Hyundai', 'Solaris', 2022),
(5, 9, 'Kia', 'Rio', 2018),
(6, 10, 'Ford', 'Focus', 2017),
(7, 11, 'Skoda', 'Rapid', 2020),
(8, 12, 'Renault', 'Logan', 2016),
(9, 4, 'Chevrolet', 'Corvete', 2008),
(10, 13, 'Ford', 'F-150', 2025);

ALTER TABLE `user_cars` AUTO_INCREMENT = 11;

-- user_favorites
INSERT INTO `user_favorites` (`id`, `user_id`, `product_id`, `created_at`) VALUES
(2, 3, 14, '2026-04-20 17:33:40'),
(3, 5, 1, '2026-04-25 06:58:20'),
(4, 5, 3, '2026-04-25 06:58:20'),
(5, 5, 5, '2026-04-25 06:58:20'),
(6, 5, 7, '2026-04-25 06:58:20'),
(7, 6, 2, '2026-04-25 06:58:20'),
(8, 6, 4, '2026-04-25 06:58:20'),
(9, 6, 6, '2026-04-25 06:58:20'),
(10, 7, 1, '2026-04-25 06:58:20'),
(11, 7, 4, '2026-04-25 06:58:20'),
(12, 7, 8, '2026-04-25 06:58:20'),
(13, 7, 10, '2026-04-25 06:58:20'),
(14, 8, 3, '2026-04-25 06:58:20'),
(15, 8, 5, '2026-04-25 06:58:20'),
(16, 8, 9, '2026-04-25 06:58:20'),
(17, 9, 2, '2026-04-25 06:58:20'),
(18, 9, 7, '2026-04-25 06:58:20'),
(19, 9, 10, '2026-04-25 06:58:20'),
(20, 10, 1, '2026-04-25 06:58:20'),
(21, 10, 6, '2026-04-25 06:58:20'),
(22, 10, 8, '2026-04-25 06:58:20'),
(23, 11, 3, '2026-04-25 06:58:20'),
(24, 11, 5, '2026-04-25 06:58:20'),
(25, 11, 9, '2026-04-25 06:58:20'),
(26, 12, 2, '2026-04-25 06:58:20'),
(27, 12, 4, '2026-04-25 06:58:20'),
(28, 12, 6, '2026-04-25 06:58:20'),
(29, 12, 10, '2026-04-25 06:58:20'),
(32, 4, 13, '2026-04-30 09:19:37'),
(33, 13, 27, '2026-04-30 10:55:42'),
(34, 4, 20, '2026-05-06 12:32:49');

ALTER TABLE `user_favorites` AUTO_INCREMENT = 36;

-- user_tokens
INSERT INTO `user_tokens` (`id`, `user_id`, `token`, `created_at`) VALUES
(1, 4, '2ea42f286644d13e2c80f1477c390950ae7623558b3f6ab31aef3bde73bbf7eb', '2026-04-28 09:17:56'),
(2, 4, 'b4c5ab062cd1249b6ad38b42f56026abc68493f32e3eeb9168f4a329df4048aa', '2026-04-28 09:17:59'),
(3, 4, 'de54db7f217218b056faacffbcb4168b152f6f4f851c712cb82487980094c514', '2026-04-28 09:18:00'),
(4, 4, '60037b51bedcdfaba04ffeaa996a12793ed4ec0b8657b48fa3f54d0b53dce32e', '2026-04-28 09:18:04'),
(5, 3, '2511567d269e4c240e9f4a8e2e537e1eab65215cac798d8bf3e2129c22e92617', '2026-04-28 09:18:41'),
(6, 3, '0f3ec4a3aa8fdd3375df0f90bcfa6a8d40f734785657ef4501e6e43a67953b26', '2026-04-28 09:18:42'),
(7, 4, 'a218ffb1df50b10e6544d7e397b8490ad923256f7d605898a921d4c6b9858958', '2026-04-29 07:09:19'),
(8, 3, '79bcddb28980dfec27f2f85444a7192648ce910c07d508677fb6ca5fa8f0d733', '2026-04-29 07:10:44'),
(9, 4, '60358c90b6adfcdfb60e90919f3a031b832405f51154622a90ca437703ba358e', '2026-04-29 07:25:34'),
(11, 13, '31f60c9d4087cbe099b3855227f35df3529c8281b151530a7ca02f37f381caa1', '2026-04-30 10:07:23'),
(14, 15, 'd529c11b3a0079b62b091a77a3d068c33a524ccde3c566ebaf806463b5f6813d', '2026-05-07 09:30:45');

ALTER TABLE `user_tokens` AUTO_INCREMENT = 15;

SET FOREIGN_KEY_CHECKS = 1;
